# Unsplash photos for the demo: id, photographer, photo page slug, title, medium, category
photo-1483366774565-c783b9f70e2c	Kimon Maritz	worms-eye-view-photography-of-concrete-building-mQiZnKwGXW0	Concrete, looking up	photo	architecture
photo-1496865534669-25ec2a3a0fd3	Leo Manjarrez	woman-standing-in-front-of-white-building--vygi0Cvz_c	White building, figure	photo	architecture
photo-1549791084-5f78368b208b	Victor	white-concrete-building-under-blue-sky-during-daytime-4G6DOKSwO8U	White on blue	photo	architecture
photo-1602128110234-2d11c0aaadfe	niklas schoenberger	green-trees-beside-white-concrete-building-WfCePInWrlQ	Trees and white wall	photo	architecture
photo-1522404419647-18cb51cc5c7a	Bernard Hermant	white-concrete-building-under-teal-sky-J0mCeeJh0nc	White under teal	photo	architecture
photo-1522743791393-522312deeebf	Simone Hutsch	gray-concrete-monolith-ItvVUpgac0o	Monolith	photo	architecture
photo-1601993957728-1e56ab70c5a8	Alesia Kazantceva	minimalist-concrete-staircase-with-vase-0B7ijYKaKcE	Stair and vase	photo	architecture
photo-1548248823-ce16a73b6d49	Tim Stief	an-abstract-photo-of-a-curved-building-with-a-blue-sky-in-the-background-dH6IjhWHNQQ	Curve	photo	architecture
flagged/photo-1567934150921-7632371abb32	Alan Scales	orange-white-and-teal-abstract-painting-1_WMZARl81c	Orange and teal	painting	abstract
photo-1541512416146-3cf58d6b27cc	Steve A Johnson	abstract-black-and-white-paint-texture-RzykwoNjoLw	Black and white strokes	painting	abstract
photo-1618331833071-ce81bd50d300	Vojtech Bruzek	blue-white-and-yellow-abstract-painting-zMl9PjGFPWg	Blue and yellow	painting	abstract
photo-1622542796254-5b9c46ab0d2f	Luca Nicoletti	white-and-black-abstract-painting-O8CHmj0zgAg	White and black	painting	abstract
photo-1602464729960-f95937746b68	Jené Stephaniuk	yellow-red-and-white-abstract-painting-esRJtEsvJhU	Yellow and red	painting	abstract
photo-1552250575-e508473b090f	Josep Martins	orange-blue-and-white-artwork-nAsdr5DC2Ss	Orange and blue	painting	abstract
photo-1704291826947-a30746a14739	Fons Heijnsbroek	a-drawing-of-a-group-of-different-colored-objects-KoRviFjnRcQ	Colored objects	painting	abstract
photo-1531489956451-20957fab52f2	Steve A Johnson	abstract-painting-b5HMwgoU2h4	Abstract no. 3	painting	abstract
photo-1541542509806-6371b7b0a265	Steve A Johnson	white-and-black-abstract-painting-jPT1hVOhqb0	Black on white	painting	abstract
photo-1569346276519-709519eeaa51	Annie Spratt	cosmos-flowers-against-blue-sky-jtI_dsxoj1s	Cosmos	photo	film
photo-1643138874737-33babf17f0a8	Febe Vanermen	a-couple-of-women-sitting-next-to-each-other-on-a-beach-195p-UrLHh4	Two on the beach	photo	film
photo-1603118258032-aea76c546616	Ihor Malytskyi	white-boat-on-body-of-water-during-daytime-rR8xBouCUn0	White boat	photo	film
photo-1513553404607-988bf2703777	Joel Vodell	aerial-view-of-waves-meeting-sand-8Ogfqvw15Rg	Waves meet sand	photo	aerial
photo-1541417904950-b855846fe074	Nattu Adnan	aerial-nature-photography-of-green-palms-on-seashore-during-daytime-atSUvc1hMwk	Palms from above	photo	aerial
photo-1520277872024-58b40679ddb4	Oliver Sjöström	aerial-shot-of-seashore-EztqREO1cag	Shore from above	photo	aerial
photo-1612317889754-8ce3b4c14539	Kinø	aerial-view-of-person-surfing-on-sea-waves-during-daytime-w8m8HebJCPQ	Surfer	photo	aerial
photo-1529034502960-57f42a966080	Patrick Ryan	top-view-photography-of-beach-3kUIaB2EPp8	Beach from above	photo	aerial
photo-1524946274118-e7680e33ccc5	Reinis Birznieks	aerial-shot-of-seawaves-lu5uhEAy2lI	Sea waves	photo	aerial
photo-1520294891400-6818cdd83ce1	Alex Perez	birds-eye-view-photography-of-brown-wooden-dock-on-body-of-water-P93ijX1URuU	Dock from above	photo	aerial
photo-1559826645-aa48ce691685	Silas Baisch	birds-eye-view-of-shore-4PW_FTmfnS0	Shoreline	photo	aerial
photo-1464423163665-75e82891f301	Hoach Le Dinh	grayscale-photo-of-dock-5DJqsjAYlmk	Dock, gray	photo	black and white
photo-1610621062045-ef5f7201bb3f	Ready Rey	grayscale-photo-of-bare-tree-zTNBumJSOto	Bare tree	photo	black and white
photo-1429292394373-ddbcc6bb7468	Molly Porter	grayscale-photo-of-woman-walking-on-road-K7oqWgDJQ6E	Walking	photo	black and white
photo-1491622652925-46646d8a603d	Erico Marcelino	grayscale-photo-of-bare-tree-on-calm-body-of-water-91QHQ3GGh9I	Tree in water	photo	black and white
photo-1620122303020-87ec826cf70d	Yash mevawala	grayscale-photo-of-woman-in-black-shirt-_hQfqHt0MTg	Portrait in black	photo	black and white
photo-1602866846830-cdd275073c0c	Tim Hüfner	grayscale-photo-of-people-walking-on-street-near-high-rise-buildings-dqB4c6AX5qE	Crossing	photo	black and white
photo-1604871000636-074fa5117945	Pawel Czerwinski	blue-white-and-red-abstract-painting-NTYYL9Eb9y8	Blue and red flow	painting	abstract
photo-1497367917223-64c44836be50	Pawel Nolbert	person-walking-in-the-desert-dunes-wE_Dk2Kd3GQ	Dune walker	photo	desert
photo-1610391437424-a78a33ee5716	Kimberly Genest	grayscale-photo-of-desert-under-cloudy-sky-UTZz666yXMs	Gray desert	photo	desert
photo-1665043133078-ee095980ad93	Sina Sadeqi	a-tree-in-the-middle-of-a-desert-oB503iQsvxM	Desert tree	photo	desert
photo-1647375155317-c9e382485c0f	Raúl Mermans García	a-man-walking-across-a-sandy-desert-with-a-surfboard-xnxqvCX_EJE	Surfboard, sand	photo	desert
photo-1757438059090-445d7100e1bf	Patrick Hendry	golden-sand-dunes-casting-long-shadows-at-sunset-8IZGBrOAdEY	Long shadows	photo	desert
photo-1518895949257-7621c3c786d7	Tirza van Dijk	pink-flower-cNGUw-CEsp0	Pink flower	photo	flowers
photo-1705710657501-68158521015f	Christine Tan	a-white-vase-filled-with-red-and-yellow-tulips-I3Vt51ZAsao	Tulips	photo	flowers
photo-1711578540657-875bc83726b6	Pete Alexopoulos	a-bunch-of-orange-tulips-are-in-a-vase-5xPIQPL0z78	Orange tulips	photo	flowers
photo-1561616256-75e353eae131	Silas Baisch	S_laDe2hxeM	Five swimmers	photo	pool
photo-1617552555260-a03fd7d3939a	Chase Baker	HOxWqvdmHVs	Blue pool	photo	pool
photo-1498066370397-ccef12c288c4	Filip Filkovic Philatz	b99ZXcIUS-Q	Lanes	photo	pool
photo-1590033509078-7a65dd609114	Andy Makely	Xt-soCyj7sY	Pool ladder	photo	pool
photo-1711110065918-388182f86e00	Zoshua Colah	TDFRLOdRHhA	Loungers	photo	pool
photo-1716745558923-f01cc834da41	João Pedro Schmitz	TXbBd1vX3Ts	Pool in the trees	photo	pool
photo-1545151414-8a948e1ea54f	Renith R	woman-playing-tennis-on-court-from-above-A9VpotrPr1k	Serve from above	photo	tennis
photo-1620742820748-87c09249a72a	Maurits Bausenhart	tennis-court-with-white-lines-XtcZbSPVJ3A	Clay court	photo	tennis
photo-1499510318569-1a3d67dc3976	Ryan Searle	aerial-photo-of-tennis-court-surrounded-with-trees-qjrjJnFypa0	Court in the trees	photo	tennis
photo-1541744573515-478c959628a0	Mario Gogh	yellow-tennis-ball-on-court-8xaMOOkKNsw	Tennis ball	photo	tennis
photo-1699117686612-ece525e4f91a	C Cai	tennis-net-on-blue-court-mwoRv-RSPHw	Blue court	photo	tennis
photo-1561956021-947f09ae0101	Jordan Steranka	positano-cliffside-houses-in-italy-z0L0mo__9bg	Positano	photo	coast
photo-1534250617995-d16425086b91	Nellia Kurme	blue-and-white-beach-umbrella-lot-near-concrete-wall-under-clear-sky-by-the-seashore-0kVnoA6Thgs	Blue umbrellas	photo	beach
photo-1533656338503-b22f63e96cd8	silvia trigo	landscape-photo-of-village-houses-near-ocean-kAE6Kd7W2UA	Village by the sea	photo	coast
photo-1564671546498-09a366692274	Joe Byrnes	three-white-boats-on-body-of-water-at-daytime-S5OrhqFtUE4	Three white boats	photo	sailing
photo-1633321088768-b994237c8aa8	Simon Nham	a-beach-with-a-bunch-of-boats-in-the-water-EJLwV5mwaSs	Boats at the beach	photo	beach
photo-1596736743518-eef8c49026b7	Louise Krause	white-and-brown-concrete-buildings-near-body-of-water-during-daytime-5ennCEKDiRQ	Harbor town	photo	coast
photo-1574876999742-a8be3a43f151	Cody Board	structure-beside-palm-trees-quuG8oNM61A	Palms and concrete	photo	palm springs
photo-1530479920821-9199623d027f	Aran Mtnez	palm-trees-near-pool-and-building-sTvu6hK3ul4	Palms by the pool	photo	palm springs
photo-1576106680589-91f44ad681bd	TopSphere Media	three-coconut-trees-near-multicolored-concrete-building-OCTSeiSK6x8	Three palms	photo	palm springs
photo-1580259786428-3d5b3ce0dfc4	grant morris	white-car-parked-near-palm-tree-during-daytime-FCJktW0hR84	White car, palm	photo	palm springs
photo-1724008563697-ce1039f74336	Radek Skrzypczak	a-pink-door-sits-in-front-of-a-white-house-m7PbQ_GXlTk	Pink door	photo	palm springs
photo-1580183377265-1aa7761bf11e	Don Stouder	blue-wooden-door-near-green-plants-during-daytime-beABEWthrpk	Blue door	photo	palm springs
photo-1681235014294-588fea095706	Soraya Silvestri	an-abstract-painting-with-black-and-white-colors-LmC65WoT3Rk	Black and white marks	painting	abstract
photo-1531132076534-0120b6aa12cd	Steve A Johnson	brown-and-white-abstract-painting-J6BY74ytpXI	Brown and white	painting	abstract
photo-1737058054674-f1e8d0406b5c	Maria Kovalets	an-abstract-painting-of-brown-and-white-colors-jBX_ZEnXlOQ	Earth and white	painting	abstract
photo-1523372102243-c9426fc31b88	Steve A Johnson	a-piece-of-art-that-looks-like-a-painting-H68w9ML9PaM	Layers	painting	abstract
photo-1566048652471-5869737a4c92	Steve A Johnson	an-abstract-painting-with-multiple-colors-of-paint-xJmL5rlztZs	Many colors	painting	abstract
photo-1552312097-8ef75595e2a2	Steve A Johnson	blue-and-yellow-abstract-painting-QDyQfPRtwaU	Blue and yellow field	painting	abstract
photo-1608322368735-b6b6ec262af7	Vladimir Gladkov	lemons-on-white-fabric-with-shadows-HzswivUN-tI	Lemons in shadow	photo	food
photo-1590502593747-42a996133562	Thitiphum Koonjantuek	yellow-citrus-fruits-on-black-surface-TFqjlTmkeyY	Citrus on black	photo	food
photo-1598960809231-5504c3b90a6f	Elena Baidak	yellow-lemon-fruits-on-black-surface-hr3a-VnCIYY	Lemons on black	photo	food
photo-1605185189315-fc269c231e41	Steve Doig	yellow-round-fruits-on-tree-during-daytime-FaMBWkmvPyY	Lemon tree	photo	food
photo-1582979512210-99b6a53386f9	Vino Li	sliced-orange-fruit-on-white-ceramic-plate-pCjw_ygKCv0	Orange slices	photo	food
photo-1671713682257-359a1baf806e	Rick Barrett	a-martini-glass-sitting-on-top-of-a-table-CQ3_ZblAJdg	Martini	photo	food
photo-1700300674390-59e3794b917c	Stepan Vrany	a-red-table-topped-with-two-wine-glasses-filled-with-olives-QP6TF6Z_CV4	Olives on red	photo	food
photo-1575023782549-62ca0d244b39	Thomas Franke	martini-cocktail-VIYPN3KykEU	Martini, dark	photo	food
photo-1638884896143-f1b2501e9a61	Wesley Tingey	a-martini-sitting-on-top-of-a-marble-counter-NcgBuJvY32Y	Martini on marble	photo	food
photo-1559627755-42212e5c5fdf	Silas Baisch	surfer-paddling-in-turquoise-ocean-L78RstAZuTY	Paddling out	photo	surf
photo-1535182463927-440364075d9c	Mathieu CHIRICO	grayscale-man-surfing-sFSZuKI2CvY	Surfer, gray	photo	surf
photo-1509914398892-963f53e6e2f1	Linus Nylund	man-surfing-on-ocean-water-during-golden-hour-SfdwxMA5VIM	Golden hour surf	photo	surf
photo-1517699418036-fb5d179fef0c	Sacha Verheij	two-surfers-walking-on-sand-going-on-water-X0rRYtJy0R8	Two surfers	photo	surf
photo-1526241118614-728ce3418077	Jeremy Bishop	grayscale-photography-of-person-surfing-on-sea-b_wcdJKZw0A	Wave, gray	photo	surf
photo-1558591710-4b4a1ae0f04d	Jean-Philippe Delberghe	a-close-up-of-a-white-wall-with-wavy-lines-75xPHEQBmvA	White waves	photo	lines
photo-1542491873-564432bfb050	Mathew Schwartz	flower-illustration-3SWQCLmxH1U	Flower drawing	painting	lines
photo-1521170813716-0b3f42fcfb65	Luke Dean-Weymark	white-umbrella-on-seashore-o_rKNRoNz8s	White umbrella	photo	beach
photo-1627569771411-ca6538dba81c	Beatrice Mazzarello	yellow-and-orange-umbrella-under-blue-sky-during-daytime-pr_mEuEtnfo	Orange umbrella	photo	beach
photo-1513849227832-b9786632d98e	Annie Spratt	five-yellow-umbrellas-on-sand-at-daytime-xSHTizfq3Mg	Five yellow umbrellas	photo	beach
photo-1498558518643-e15396efbf68	Ricardo Gomez Angel	aerial-photography-of-blue-and-white-patio-umbrellas-hlmuzhcpCkY	Umbrellas from above	photo	beach
photo-1530345020906-73276f33f411	Jakob Owens	aligned-orange-patio-umbrellas-near-mountain-byvrKDpgjbQ	Orange umbrellas	photo	beach
photo-1557434440-d4d48e6578b5	Derick McKinney	green-chairs-under-umbrellas-on-shore-GhX9SH0bNcc	Green chairs	photo	beach
photo-1587750059638-e7e8c43b99fc	Bradley Dunn	black-chevrolet-impala-with-glowing-headlights-qijkjkJm63c	Black Impala	photo	cars
photo-1544896478-d5b709d413c5	Jakob Owens	red-vintage-ford-mustang-in-forest-U_2kP7bkFKw	Red Mustang, pines	photo	cars
photo-1579211897956-297c1150469a	Theodor Vasile	red-vintage-ford-mustang-at-gates-BB7GoZK7XCs	Red Mustang, iron gates	photo	cars
photo-1501829385782-9841539fa6bf	Jonatan Hernandez	vintage-porsche-on-italian-cobblestone-square-AWkEp5ap-vw	Porsche on cobblestones	photo	cars
photo-1584908917822-6799d69a72cc	Emil Diallo	a-yellow-car-parked-in-front-of-a-building-H-Y7mdumq1w	Yellow car	photo	cars
photo-1484687742385-1249620c2687	Karla Alexander	classic-teal-sedan-near-brown-brick-building-at-daytime-2ct89Ann_lk	Teal sedan, brick wall	photo	cars
photo-1590522427073-1afdcb897df3	Brandon Russell	grayscale-photo-of-classic-car-kstT_He9MFI	Classic car in mono	photo	cars
photo-1516483638261-f4dbaf036963	Jack Ward	manarola-italy-rknrvCrfS1k	Manarola	photo	coast
photo-1549893072-4bc678117f45	Kristīne Zāle (Macro Viewpoint)	villas-on-rocky-cliffs-in-portofino-EZT6qusWOBQ	Portofino villas	photo	coast
photo-1534445867742-43195f401b6c	Josh Hild	vernazzo-village-on-cinque-terre-coast-K4WXehq5Alc	Vernazza cliffs	photo	coast
photo-1535063406830-27dfae54262a	Ananthan Loggi	cinque-terre-italy-tEpol6gVDmE	Cinque Terre	photo	coast
photo-1591014979485-08d0b2946bc3	Mike Swigunski	houses-on-mountain-near-sea-under-blue-sky-during-daytime-HXtjr6tJGv8	Hillside village, sea	photo	coast
photo-1630682531412-d76e8648dd03	Charlie Firth	houses-on-mountain-beside-sea-during-daytime-1ApYma851oo	Cliffside houses	photo	coast
photo-1699424495026-0a9358f0777d	Taisha Ellison	a-view-of-a-village-on-a-cliff-overlooking-the-ocean-6asCAiJ7fSY	Cliff village	photo	coast
photo-1624125278758-c0572f6ebc55	Taylor Brandon	man-riding-on-white-horse-during-daytime-3HmP1kOdACU	White horse rider	photo	western
photo-1531399395381-6603d3b9899f	Simeon Jacobson	grayscale-photography-of-piled-cowboy-hats-BF_Vxk1rHX4	Stacked cowboy hats	photo	western
photo-1622797377969-cff2753dd56f	Polina Portnaya	a-man-riding-on-the-back-of-a-brown-horse-9_GV-xUlQQg	Rider on brown horse	photo	western
photo-1723750600453-3606c844636b	Cemrecan Yurtman	a-silhouette-of-a-man-riding-a-horse-at-sunset-UxXbyoHtRLU	Rider silhouette, sunset	photo	western
photo-1624125276915-39e2afd37438	Taylor Brandon	2-person-riding-horse-on-green-grass-field-during-daytime-bQPL0zWeMFw	Two riders	photo	western
photo-1553284965-83fd3e82fa5a	Helena Lopes	running-white-horse-lIeqGEdvex0	Running white horse	photo	horses
photo-1593179449458-e0d43d512551	Luisa Peter	brown-horse-with-black-halter-Olt577JtPM0	Brown horse, halter	photo	horses
photo-1598974357801-cbca100e65d3	Pieter van Noorden	brown-and-white-horse-head-cjSUZMA2iW8	Horse head	photo	horses
photo-1650571244617-44f6db726039	Mahmoud Ayad	a-horse-jumping-in-the-air-cwoXqhi3Prc	Jumping horse	photo	horses
photo-1513966007261-5a86a5284471	Kirsten LaChance	gray-scale-photo-of-horse-KPwC1b5AUDA	Horse in grayscale	photo	horses
photo-1595236629937-aadaf7c1d99d	Augustine Wong	black-and-white-abstract-painting-zB1JO_sWlOE	Leaf shadow, mono	photo	shadows
photo-1530177150700-84cd9a3b059b	Augustine Wong	shadow-of-palm-fronds-cast-on-light-wall-T0BYurbDK_M	Palm frond shadow	photo	shadows
photo-1526235591527-15084c256bad	Monica Valls	a-shadow-of-a-tree-on-a-wall-57kTxx2-Qjs	Tree shadow on wall	photo	shadows
photo-1564132254865-639bfec4c5bf	Content Pixie	the-shadow-of-a-palm-tree-on-the-ground-kGXST_-n36w	Palm shadow on ground	photo	shadows
photo-1600727157737-ac8da05ccccb	Kasia Sikorska	black-and-white-floral-textile-FX6jNlGfHTc	Floral shadow, mono	photo	shadows
photo-1674708271645-4d77f9d68707	Sreeraj S	a-plant-casts-a-shadow-on-a-wall-95baBTvQ5gI	Plant casts a shadow	photo	shadows
photo-1498623116890-37e912163d5d	Andrew Neel	person-sailing-on-ocean-0AwoTNSdwVM	Sailing the ocean	photo	sailing
photo-1540946485063-a40da27545f8	Kristel Hayes	white-sail-boat-on-body-of-wate--BcnpZHZJx4	White sailboat	photo	sailing
photo-1526761122248-c31c93f8b2b9	Markos Mant	white-and-black-sailboat-during-sunset-0nKRq0IknHw	Sailboat at sunset	photo	sailing
photo-1501771924607-209f42a6e7e4	Evan Smogor	three-sail-boats-on-water-during-daytime-58AiTToabyE	Three sailboats	photo	sailing
photo-1534296264129-b318f8140c27	Ian Keefe	blue-and-white-sailboat-on-ocean-during-daytime-9-i4lI1ijes	Blue and white sail	photo	sailing
photo-1613578699399-82ae71be53a3	Daniel Stenholm	white-sail-boat-on-sea-during-daytime-hXPG0Bk6JiM	Sail on open sea	photo	sailing
photo-1636730740168-c94f3ab802e6	Ian Keefe	a-small-sailboat-floating-on-a-large-body-of-water-ZGYWhxaiMOc	Small boat, big sea	photo	sailing
photo-1735509903556-602b4d7d3ae5	Christian Lendl	a-person-on-skis-jumping-in-the-air-2icXZAriT_E	Ski jump	photo	ski
photo-1665859223778-25a4e39b259e	Christian Lendl	a-skier-flies-through-the-air-iRvXyFUnApY	Skier in flight	photo	ski
photo-1548784806-b9b21e8d740f	Nicolai Berntsen	grayscale-photography-of-person-playing-ski-QBbSK65o7FQ	Skier, grayscale	photo	ski
photo-1638915129628-f3cf03ab6acf	Andri Klopfenstein	a-man-riding-skis-down-a-snow-covered-slope-3l5KiZhZj0E	Downhill skier	photo	ski
photo-1708782444583-5e04c48b4f4a	Kirsten Frank	a-man-flying-through-the-air-while-riding-skis-bvJAnXHGzVQ	Airborne skier	photo	ski
photo-1673872727706-43056522ab29	Nikola Gladovic	a-man-riding-skis-down-a-snow-covered-slope-Bnaz8EqDtF4	Carving turn	photo	ski
photo-1613111985602-c8c9873b9780	Nick Gosset	people-in-red-jacket-and-black-pants-riding-ski-blades-on-snow-covered-mountain-during-daytime-RyjBF_-0qwA	Red jackets on snow	photo	ski
photo-1692087224072-83f25202ca4a	Bob Osias	a-golf-course-with-a-pond-and-palm-trees-Yu_5kllvw7Q	Golf pond, palms	photo	golf
photo-1700667315305-ef2a027f9078	Troy Spoelma	an-aerial-view-of-a-golf-course-with-a-green-fywSeZ4qoD8	Golf green from above	photo	golf
photo-1742498626135-67a7d3501eff	Keith Tanner	aerial-view-of-a-beautiful-golf-course-4WSLeNydrlo	Golf course overhead	photo	golf
photo-1605144884374-ecbb643615f6	Welcome	aerial-view-of-green-trees-beside-river-during-daytime-08Ipbe8GpWw	River and trees	photo	aerial
photo-1629596545782-775f0792dbc8	Andrew Anderson	white-and-gray-stones-on-green-water-CtyC2JjLhVg	Stones in green water	photo	aerial
photo-1565695951564-007d8f297e48	Cindy Chan	assorted-color-flower-bouquet-lot-1D_QE7gj4-4	Bouquet rows	photo	flowers
photo-1600104197373-c07cc35e4f61	Gabriella Clare Marino	yellow-pink-and-red-flowers-on-brown-woven-basket-DvCs8zhR5nk	Flowers in a basket	photo	flowers
photo-1619954428481-32c125ae19f8	Lysander Yuen	red-and-white-flower-bouquet-OF2nMlzWpeM	Red and white bouquet	photo	flowers
photo-1706796204047-42799881e989	Valentina D	a-bunch-of-pink-and-white-flowers-on-display-UNbftEXc9ws	Pink and white blooms	photo	flowers
photo-1491994336086-44f5d76dd8f2	Bianka Csenki	bouquet-of-assorted-color-tulip-lot--nxksGFSoeM	Tulip bunches	photo	flowers
photo-1506619216599-9d16d0903dfd	Jakub Dziubak	brown-ceramic-teacup-XtUd5SiX464	Brown teacup	photo	coffee
photo-1458819714733-e5ab3d536722	Annie Spratt	blue-ceramic-coffee-cup-and-white-saucer-PM4Vu1B0gxk	Blue cup, saucer	photo	coffee
photo-1493606278519-11aa9f86e40a	Isaac Benhesed	top-view-photography-of-mug-with-black-liquid-onLbXleIkds	Coffee from above	photo	coffee
photo-1541870730196-cd1efcbf5649	Mukul Wadhwa	flat-view-photography-of-cup-of-coffee-xpo5BggQo3E	Flat lay coffee	photo	coffee
photo-1422207258071-70754198c4a2	Alex Padurariu	white-ceramic-teacup-near-gray-pencil-on-black-surface-tXYg4Zx7kSU	Teacup on black	photo	coffee
photo-1572286258217-40142c1c6a70	Irene Kredenets	cup-of-coffee-on-top-of-saucer-maO-qIKLqi8	Coffee and saucer	photo	coffee
photo-1608415123476-aca7a5da0abe	Jocelyn Morales	white-ceramic-mug-on-white-table-foeTT7H7SuA	White on white mug	photo	coffee
photo-1547595628-c61a29f496f0	Kevin Kelly	liquor-pours-in-wine-glass-PPneSBqfCCU	Pour into glass	photo	drinks
photo-1585553616435-2dc0a54e271d	Corina Rainer	clear-wine-glass-with-yellow-liquid-sScNrKruEPs	Glass of white	photo	drinks
photo-1506377247377-2a5b3b417ebb	Kym Ellis	clear-wine-glass-overlooking-orchard-during-daytime-aF1NPSnDQLw	Glass over orchard	photo	drinks
photo-1606655762823-63f1cda5431f	Max Tutak	red-wine-in-clear-wine-glass--NOXMXHchEo	Glass of red	photo	drinks
photo-1514651029128-173d2e6ea851	ilya gorborukov	grayscale-photo-of-wine-glass-t5BojIDbegQ	Wine glass, mono	photo	drinks
photo-1528821154947-1aa3d1b74941	Quaritsch Photography	red-cherry-INprSEBbfG4	Red cherry	photo	food
photo-1559181567-c3190ca9959b	Mae Mu	two-cherries-vbAEHCrvXZ0	Two cherries	photo	food
photo-1610523377846-eba487f8f574	Vino Li	red-cherry-fruit-in-close-up-photography-OseN2JZdcY4	Cherry close-up	photo	food
photo-1528821128474-27f963b062bf	Quaritsch Photography	two-cherries-on-white-surface-lZ8onQ1wuY8	Cherries on white	photo	food
photo-1621763668206-b9a47fc8727a	Burak Tonç	red-round-fruits-on-green-leaves-bbxwU3HtRkM	Cherries on the branch	photo	food
photo-1616544567842-573ff1565c54	Masaaki Komori	pink-cherry-blossom-in-close-up-photography-iczsntduUyI	Cherry blossom	photo	flowers
photo-1522383225653-ed111181a951	AJ	pink-flowers-McsNra2VRQQ	Pink blossoms	photo	flowers
photo-1692736997565-2aedceaa36ee	Kate Laine	gfKeqE-Mz5M	Bowl of tomatoes	photo	food
photo-1692737003002-e1acefd479fc	Kate Laine	FDjlnM1RTsI	Tomatoes on paper	photo	food
photo-1610099169256-c44f0ae44b4a	amjd rdwan	-BE2bz3HAOQ	Three tomatoes	photo	food
photo-1601725244940-489fb4734af5	Tamara Gak	m-VsPiRgERI	Tomato on black	photo	food
photo-1705948735213-4a9bb9a5df08	John Vid	jBfIZVNxaVM	Tomato pair	photo	food
photo-1601887389937-0b02c26b602c	Jack Hunter	marble-statue-of-man-looking-away-1L4E_lsIb9Q	Marble profile	photo	sculpture
photo-1571033690858-b336bfa1dd0f	Wilhelm Gunkel	grecian-male-statue-looks-up-on-red-background-LpQs_3t4Dck	Statue on red	photo	sculpture
photo-1637666505754-7416ebd70cbf	Kateryna Hliznitsova	female-bust-with-gold-kintsugi-repairs-IEgvy4o3byM	Kintsugi bust	photo	sculpture
photo-1609856699475-6fc22afa6d31	Margot Noyelle	white-ceramic-statue-of-a-woman-3LyJOlOkmPY	White ceramic figure	photo	sculpture
photo-1631125915902-d8abe9225ff2	Yana Hurska	3-brown-clay-vases-on-white-concrete-table-zeGT9j4ltRA	Three clay vases	photo	objects
photo-1643569556871-91ec60671ed7	Jocelyn Morales	a-white-vase-sitting-on-top-of-a-table-giRMqme_f-Q	White vase	photo	objects
photo-1481401908818-600b7a676c0d	Jessica Ruscello	filed-stoneware-jugs-G8vPQ-XVxxY	Stoneware jugs	photo	objects
photo-1526198049595-f32cde2a219d	五玄土 ORIENTO	photography-of-blue-ceramic-vase-against-white-background-l0ah3UBLppo	Blue ceramic vase	photo	objects
photo-1526198330131-9b0bc79625e4	五玄土 ORIENTO	red-ceramic-vase-on-white-surface-maVIpNNtmlQ	Red ceramic vase	photo	objects
photo-1705526966290-2de7b8a33f03	Townsend Walton	a-green-vase-with-yellow-flowers-in-it-wYlEzCsfZDk	Green vase, yellow flowers	photo	objects
photo-1677761640321-b80251be00ca	Tamara Harhai	a-couple-of-vases-sitting-on-top-of-a-table-tSkPbVkiCqY	Pair of vases	photo	objects
photo-1549144511-f099e773c147	cyril mzn	WSvth_lwCi0	Eiffel Tower, blue sky	photo	city
photo-1558900493-3b6cc10d7aff	Zdenek Klein	hImNgLZlF6g	Parked cars, Paris	photo	city
photo-1626806512616-972c578a7b4f	Marius Christensen	t8RFylBQL38	Paris sidewalk	photo	city
photo-1543399151-5dc42f103557	Bastien Nvs	pAsb9B4HTPI	Haussmann facades	photo	city
photo-1662646133359-7cf4d2ab932e	Lisha Riabinina	eY8ScPnDY4Y	Cafe terrace	photo	city
photo-1503917988258-f87a78e3c995	Ilnur Kalimullin	CB0Qrf8ib4I	Walk by the Seine	photo	city
photo-1508700759590-0153aa32e79f	Johannes Hurtig	z-fpG7D7buk	Manhattan from above	photo	city
photo-1540753421673-74b8716d78ef	Timo Wagner	Sl8pDvfJNuc	Chrysler Building	photo	city
photo-1672728695688-5cd314effb82	Bernd Dittrich	sRdk8gh-fB8	Skyline in mono	photo	city
photo-1672318995271-264173219d70	Anh Lam	yCUABQXVANI	Skyline at sunset	photo	city
photo-1627680344778-0c98fc3d898e	Hunter Bates	HCkJBtCSoRY	Parked cars, brownstones	photo	city
photo-1573455494060-c5595004fb6c	Denys Nevozhai	alleyway-with-red-lanterns-in-tokyo-D68ADLeMh5Q	Lantern alley	photo	city
photo-1561503972-839d0c56de17	Kae Ng	empty-road-between-buildings-grOTReWUHhU	Empty Tokyo road	photo	city
photo-1621139151681-5ac8d73128ce	Mylène Larnaud	narrow-street-in-tokyo-with-vending-machine-TeNP4a_hJzQ	Red vending machine	photo	city
photo-1587653263995-422546a7a569	Clay Banks	man-in-black-jacket-riding-bicycle-on-road-during-daytime-Q3DaZ8vmBAA	Cyclist in Tokyo	photo	city
photo-1554058501-f6872d688003	Guus Baggermans	woman-standing-walking-beside-red-building-oWsy_TQAScI	Walker, red building	photo	city
photo-1559825481-12a05cc00344	Silas Baisch	blue-and-clear-body-of-water-K785Da4A_JA	Clear blue water	photo	water
photo-1517384084767-6bc118943770	Marissa Rodriguez	light-reflected-on-water-at-daytime-2mKYEVGA4jE	Light on water	photo	water
photo-1507166763745-bfe008fbb831	Conor Sexton	body-of-water-during-daytime-hRemch0ZDwI	Open water	photo	water
photo-1484291470158-b8f8d608850d	Christoffer Engström	photo-of-ocean-waves-at-daytime-wc9avd2RaN0	Rolling waves	photo	water
photo-1568145675395-66a2eda0c6d7	Artem Militonian	blue-ocean-UYW6FZLlnL8	Deep blue ocean	photo	water
photo-1612387626338-dd8c3c4a8764	Ivan Bandura	white-and-blue-abstract-painting-m7IGjPQGgRo	Surf from above	photo	water
photo-1562016600-ece13e8ba570	Wesley Tingey	rippling-crystal-blue-water-9-OCsKoyQlk	Rippling blue	photo	water
photo-1505413687799-90481dfc0203	Jorge Vasconez	blue-shallow-water-LCaKuYefLQk	Shallow blue	photo	water
photo-1618005479492-bc36dc8aeaf2	Parrish Freeman	white-clouds-and-blue-sky-during-daytime-29W9RscuUMw	White clouds, blue	photo	sky
photo-1580826237584-fda5b612e1bc	Jerome	white-clouds-and-blue-sky-during-daytime-pqfkN8WcdR8	Cloud and sky	photo	sky
photo-1692290419305-3a13655fda26	Atul Pandey	an-airplane-flying-in-the-sky-with-a-pink-background-JVnVeJibk6k	Plane, pink sky	photo	sky
photo-1596367407372-96cb88503db6	Milad Fakurian	white-clouds-on-blue-sky-UiiHVEyxtyA	Cloud on blue	photo	sky
photo-1536115371816-be347bb5ea57	Aditya Vyas	cumulus-clouds-pkj_IFX03yw	Cumulus	photo	sky
photo-1584468287717-796e1fdd7b4a	Çağlar Oskay	black-street-light-under-blue-sky-during-daytime-DZQq6D5EbEE	Streetlight, blue sky	photo	sky
photo-1628609563847-2e21d683d4c9	Benjamin Guy	red-and-white-helicopter-flying-in-the-sky-YIfnMbkdfdo	Red helicopter, sky	photo	sky
photo-1522030299830-16b8d3d049fe	Mike Petrucci	full-moon-photography-uIf6H1or1nE	Full moon	photo	moon
photo-1527842891421-42eec6e703ea	Luke Stackpoole	closeup-photography-of-crescent-moon-TRXSkmJb40c	Crescent moon	photo	moon
photo-1446941611757-91d2c3bd3d45	NASA	photo-of-moon-pd4lo70LdbI	Lunar surface	photo	moon
photo-1589675192397-1550ff0f7c12	Javardh	full-moon-over-the-body-of-water-URLlQPnfG6Y	Moon over water	photo	moon
photo-1503416997304-7f8bf166c121	Mark Tegethoff	solar-eclipse-phases-in-black-sky-NbgQfUvKFE0	Eclipse phases	photo	moon
photo-1548391350-968f58dedaed	Sanni Sahil	moon-phases-arc-in-night-sky-cSm2a_-25YU	Moon phase arc	photo	moon
photo-1514897575457-c4db467cf78e	Benjamin Voros	crescent-moon-above-mountain-U-Kty6HxcQc	Crescent over mountain	photo	moon
photo-1467592832530-67cbba3af092	Ross Sokolovski	bauhaus-concrete-apartment-building-JUHbj2ZV5hE	Bauhaus apartments	photo	architecture
photo-1622644734822-0034a932ca0f	Hisashi Oshite	white-concrete-building-under-blue-sky-during-daytime-kyTLPiZ4_JQ	White building, blue sky	photo	architecture
photo-1558087060-3972a0d08fb4	wen chen	architectural-photography-of-white-building-nBWmOsOdi4Y	White building curves	photo	architecture
photo-1514362901922-081c1ce4f33d	Ran Berkovich	low-angle-grayscale-photo-of-concrete-building-R6cG5_u-Lkw	Concrete, low angle	photo	architecture
photo-1454117096348-e4abbeba002c	Shapelined	a-black-and-white-photo-of-a-wall-_JBKdviweXI	Mono wall pattern	photo	graphic
photo-1605106702842-01a887a31122	MagicPattern	geometric-pattern-with-blue-circles-ixxjruC7Gg4	Blue circles pattern	painting	graphic
photo-1605106702734-205df224ecce	MagicPattern	geometric-blue-and-white-triangle-pattern-KfFmwa7m5VQ	Blue triangles	painting	graphic
photo-1595411425732-e69c1abe2763	Scott Webb	white-and-black-striped-textile-mV9-1XjnM4Y	Black and white stripes	photo	graphic
photo-1604782206219-3b9576575203	Lea L	geometric-shapes-on-light-surface-q--99IzY8Lw	Paper shapes	photo	graphic
photo-1486551937199-baf066858de7	Ricardo Gomez Angel	curved-metal-architectural-facade-pattern-9AdeEdYB2yk	Curved facade	photo	graphic
photo-1518020382113-a7e8fc38eac9	charlesdeluvio	black-dog-wearing-blue-denim-collar-K4mSJ7kc0As	Dog, denim collar	photo	dogs
photo-1558788353-f76d92427f16	Victor G	golden-retriever-x5oPmHmY3kQ	Golden retriever	photo	dogs
photo-1566710582818-d673dc761201	Cristofer Maximilian	blue-weimariner-5_nJw3UUgpQ	Weimaraner	photo	dogs
photo-1517423440428-a5a00ad493e8	charlesdeluvio	black-pug-wearing-striped-apparel-DziZIYOGAHc	Pug in stripes	photo	dogs
photo-1523626797181-8c5ae80d40c2	charlesdeluvio	a-small-black-dog-looking-up-at-the-camera-zqhe4qjVTJI	Black dog looking up	photo	dogs
photo-1612940960267-4549a58fb257	Ivana La	brown-and-white-corgi-puppy-tycZhR54Ddk	Corgi puppy	photo	dogs
photo-1647179924662-13b7bc73a886	Nail Gilfanov	a-close-up-of-a-dog-nqWi9UtUN5I	Dog close-up	photo	dogs
photo-1724367236214-e4f50691c27c	Jane Thomson	a-dog-sitting-on-top-of-a-black-box-BhYlxZ5cKmc	Dog on a black box	photo	dogs
photo-1563212108-03d3b081f91e	Memories on 35mm	landscape-photo-of-a-gray-sandy-beach-rCVcMJqOuuM	Gray sandy beach	photo	beach
photo-1496023328036-6792ef27a543	Andrew Charney	0Y-tc6hu5gg	Seashore on film	photo	film
photo-1705737211427-9190debff4dd	Stephanie Hernandez	Zt_qhS_kEJ8	Beach palms	photo	beach
photo-1553670440-f4fa1dfeabf4	Trung Pham Quoc	PhbI-wphxtw	Seaside sitters	photo	film
photo-1601058360120-0f66ff19364f	Tanya Prodaan	u4mgBp7LmJA	Beach day	photo	film
photo-1506797220058-533e019ac7fa	John Jason	aF99M98c_uk	Figures on the shore	photo	film
photo-1610307775401-b6de856aecdf	Héctor Achautla	4a7qp3R9AHc	Breaking waves	photo	coast
photo-1508841220-87fbee1b4767	Mark Tegethoff	4umhCRrivis	Beach photograph	photo	film
photo-1638632675309-eb183635f496	K Munggaran	la8jd6Hg9Hk	Two on the beach	photo	film
photo-1623718649591-311775a30c43	Cory Bjork	swimming-pool-near-palm-trees-during-daytime-D1yT791Nf9A	Pool with palms	photo	pool
photo-1530440516251-9ced1fd5e76e	Ana Azevedo	woman-sitting-beside-swimming-pool-PfYO9gONpGo	Poolside sitter	photo	pool
photo-1566350794887-fa9cce5f5fe5	Melissa Walker Horn	woman-lying-on-inflatable-floater-reading-book-UiwqmlDIdjo	Reading on a float	photo	pool
photo-1626571115951-15371ba9354b	Ardi Evans	green-banana-tree-near-swimming-pool-during-daytime-urVEEnmlEkE	Banana leaf pool	photo	pool
photo-1530125086495-effd3661612e	Colin Watts	lounger-and-patio-umbrella-near-pool-i_w7GfP131Y	Lounger and umbrella	photo	pool
photo-1659559108726-4855a7e293a2	Colin Watts	a-pool-with-chairs-and-umbrellas-by-a-palm-tree-4N6b6WCb97c	Pool umbrellas, palm	photo	pool
photo-1547140614-6382a0c2ee55	Sankalp Agrawal	yellow-umbrella-Gvk3b3qYtwc	Yellow umbrella	photo	beach
photo-1562407132-e23789f81bb7	Doğukan Şahin	woman-in-infinity-pool-MAC8Ct5WqCM	Infinity pool swimmer	photo	pool
photo-1729866097380-88243b1d90ad	Bennie Bates	a-man-in-a-suit-and-tie-standing-in-front-of-a-swimming-pool-kgUjBw0fOYI	Suit by the pool	photo	pool
photo-1511933801659-156d99ebea3e	Autumn Studio	empty-gray-floor-beside-pool-PaM7SD5wM6g	Gray deck by pool	photo	pool
photo-1703152792682-a1fe5f3dedb4	Antoine Contenseau	a-group-of-boats-floating-on-top-of-a-body-of-water-3OpfLXmfuYY	Boats on the water	photo	sailing
photo-1701362611184-41ca0368311c	Antoine Contenseau	an-aerial-view-of-a-small-town-on-the-shore-of-a-lake-5uKbBBkoQco	Shore town from above	photo	beach
photo-1693933714044-131908e39427	Lisha Riabinina	a-group-of-lounge-chairs-sitting-next-to-a-swimming-pool-40JU-92b0iM	Loungers by the pool	photo	pool
photo-1656671504766-11720e7e8bac	Nick Page	people-sitting-under-umbrellas-RQmwWYhtVCE	Beach umbrellas	photo	beach
photo-1587579785043-eccb9f70391d	Angélina Herbert	brown-and-white-concrete-buildings-near-green-trees-during-daytime-ts2F7EF00NU	Riviera villas	photo	coast
photo-1571326023256-d558860f76af	Angélina Herbert	white-and-black-boat-with-boat-T09mdbYH8Ac	White boat	photo	sailing
photo-1605373543615-9aec72041d20	Antoine Rakotozafy	white-boat-on-blue-sea-under-blue-sky-during-daytime-z7Jst2atXX4	White boat, blue sea	photo	sailing
photo-1604948559069-3287d5c5a6e5	Nicholas Beel	green-trees-on-brown-rocky-mountain-beside-blue-sea-under-blue-sky-during-daytime-xVnWSnRZIZ4	Rocky coast	photo	coast
photo-1594881497142-08fdfdfc4074	Nicholas Beel	white-and-brown-concrete-houses-near-body-of-water-during-daytime-F8bZLAZu9cY	Seaside houses	photo	coast
photo-1592274951725-1688461e2019	Augustine Wong	8f89o_qyPA8	White facade	photo	architecture
photo-1547235001-d703406d3f17	Juli Kosolapova	Us_dv71f1bc	Dusty desert valley	photo	desert
photo-1494783367193-149034c05e8f	Diego Jimenez	A-NVHPka9Rk	Road to the mountains	photo	desert
photo-1500530855697-b586d89ba3ee	Jake Blucker	tMzCrBkM99Y	Road through rocks	photo	desert
photo-1524639099061-f8beec2b7538	Pierre Jeanneret	EaWsEKHzQDY	Long empty road	photo	desert
photo-1505578399858-ce09b2f9485f	Johannes Plenio	nrzbltZixq8	Desert asphalt	photo	desert
photo-1526763025764-2a8073a0cd43	Wesley Tingey	hniuowbXbBY	Death Valley	photo	desert
photo-1590022316984-af9d352bc492	Damian Denis	E8fKy2IFJQY	Road through the desert	photo	desert
