# Pexels photos: id, credit name, photo page, title, medium, category, image url. Names in @ form are the Pexels handle, used where the display name was not read.
4992940	Rachel Claire	https://www.pexels.com/photo/people-on-sandy-beach-of-wavy-sea-4992940/	Swimmers below the pines	photo	film	https://images.pexels.com/photos/4992940/pexels-photo-4992940.jpeg?auto=compress&cs=tinysrgb&w=640
5833666	Jonathan Borba	https://www.pexels.com/photo/anonymous-travelers-relaxing-on-sandy-beach-of-tropical-resort-5833666/	Swimmers in turquoise	photo	film	https://images.pexels.com/photos/5833666/pexels-photo-5833666.jpeg?auto=compress&cs=tinysrgb&w=640
37823658	Lauma Augstkalne	https://www.pexels.com/photo/relaxing-stroll-on-palanga-beach-lithuania-37823658/	Walkers at the shoreline	photo	film	https://images.pexels.com/photos/37823658/pexels-photo-37823658.jpeg?auto=compress&cs=tinysrgb&w=640
15478810	@valeriiamiller	https://www.pexels.com/photo/people-on-beach-15478810/	Bondi in black and white	photo	black and white	https://images.pexels.com/photos/15478810/pexels-photo-15478810.jpeg?auto=compress&cs=tinysrgb&w=640
21832892	Corentin Henry	https://www.pexels.com/photo/people-on-beach-in-summer-21832892/	Sunbathers at Bondi	photo	film	https://images.pexels.com/photos/21832892/pexels-photo-21832892.jpeg?auto=compress&cs=tinysrgb&w=640
1377070	Huy Phan	https://www.pexels.com/photo/people-on-seashore-1377070/	Man and dog by water	photo	film	https://images.pexels.com/photos/1377070/pexels-photo-1377070.jpeg?auto=compress&cs=tinysrgb&w=640
37935968	Jay Moon	https://www.pexels.com/photo/fresh-oysters-on-the-half-shell-with-lemon-37935968/	Oysters and lemon	photo	food	https://images.pexels.com/photos/37935968/pexels-photo-37935968.jpeg?auto=compress&cs=tinysrgb&w=640
546945	Maurijn Pach	https://www.pexels.com/photo/shallow-focus-photo-of-pasta-546945/	Carbonara	photo	food	https://images.pexels.com/photos/546945/pexels-photo-546945.jpeg?auto=compress&cs=tinysrgb&w=640
12039747	Wkn	https://www.pexels.com/photo/close-up-shot-of-spaghetti-on-silver-fork-12039747/	Spaghetti on a fork	photo	food	https://images.pexels.com/photos/12039747/pexels-photo-12039747.jpeg?auto=compress&cs=tinysrgb&w=640
7119222	@ivan-s	https://www.pexels.com/photo/ceramic-vases-on-a-white-surface-7119222/	Two textured vases	photo	objects	https://images.pexels.com/photos/7119222/pexels-photo-7119222.jpeg?auto=compress&cs=tinysrgb&w=640
33126633	Vinicius Borralho	https://www.pexels.com/photo/minimalist-ceramic-vases-on-wooden-tray-33126633/	Vases on a tray	photo	objects	https://images.pexels.com/photos/33126633/pexels-photo-33126633.jpeg?auto=compress&cs=tinysrgb&w=640
7663201	Tara Winstead	https://www.pexels.com/photo/a-beige-pot-on-a-beige-background-7663201/	Beige on beige	photo	objects	https://images.pexels.com/photos/7663201/pexels-photo-7663201.jpeg?auto=compress&cs=tinysrgb&w=640
19193216	@wolfart	https://www.pexels.com/photo/traditional-vases-by-white-wall-19193216/	White vases, white wall	photo	objects	https://images.pexels.com/photos/19193216/pexels-photo-19193216.jpeg?auto=compress&cs=tinysrgb&w=640
16167945	Denis Larzul	https://www.pexels.com/photo/dog-hanging-head-out-of-car-16167945/	Dog out the window	photo	dogs	https://images.pexels.com/photos/16167945/pexels-photo-16167945.jpeg?auto=compress&cs=tinysrgb&w=640
5079277	cottonbro studio	https://www.pexels.com/photo/white-dog-sitting-on-car-seat-5079277/	Dog with a sea view	photo	dogs	https://images.pexels.com/photos/5079277/pexels-photo-5079277.jpeg?auto=compress&cs=tinysrgb&w=640
36410770	@brentsingletonphoto	https://www.pexels.com/photo/border-collie-dogs-in-car-in-uruguay-36410770/	Dogs in an old car	photo	dogs	https://images.pexels.com/photos/36410770/pexels-photo-36410770.jpeg?auto=compress&cs=tinysrgb&w=640
20338315	Chris F	https://www.pexels.com/photo/dog-on-grassland-20338315/	Red dog in the field	photo	dogs	https://images.pexels.com/photos/20338315/pexels-photo-20338315.jpeg?auto=compress&cs=tinysrgb&w=640
37395924	@peterjochim-fotografie	https://www.pexels.com/photo/dachshund-relaxing-by-the-window-in-sunlight-37395924/	Dachshund in the sun	photo	dogs	https://images.pexels.com/photos/37395924/pexels-photo-37395924.jpeg?auto=compress&cs=tinysrgb&w=640
13396377	@nicolas	https://www.pexels.com/photo/a-glass-with-cocktail-drink-on-white-surface-13396377/	Negroni in the sun	photo	drinks	https://images.pexels.com/photos/13396377/pexels-photo-13396377.jpeg?auto=compress&cs=tinysrgb&w=640
36369923	Alex Agnoluzzi	https://www.pexels.com/photo/negroni-cocktail-with-orange-garnish-on-table-36369923/	Negroni from above	photo	drinks	https://images.pexels.com/photos/36369923/pexels-photo-36369923.jpeg?auto=compress&cs=tinysrgb&w=640
31711944	@buselliyy	https://www.pexels.com/photo/two-elegant-lattes-on-wooden-cafe-table-31711944/	Two lattes	photo	coffee	https://images.pexels.com/photos/31711944/pexels-photo-31711944.jpeg?auto=compress&cs=tinysrgb&w=640
14323879	@kubrarkan	https://www.pexels.com/photo/herd-of-horses-running-on-a-field-14323879/	Herd in the dust	photo	horses	https://images.pexels.com/photos/14323879/pexels-photo-14323879.jpeg?auto=compress&cs=tinysrgb&w=640
10528234	@lebele	https://www.pexels.com/photo/horses-running-through-grass-field-10528234/	Horses in the mist	photo	horses	https://images.pexels.com/photos/10528234/pexels-photo-10528234.jpeg?auto=compress&cs=tinysrgb&w=640
4328661	Steve Pancrate	https://www.pexels.com/photo/a-concrete-building-under-the-blue-sky-4328661/	Concrete, blue sky	photo	architecture	https://images.pexels.com/photos/4328661/pexels-photo-4328661.jpeg?auto=compress&cs=tinysrgb&w=640
13848642	Johanka Hubikova	https://www.pexels.com/photo/plain-buildings-walls-in-black-and-white-13848642/	Plain walls in grey	photo	black and white	https://images.pexels.com/photos/13848642/pexels-photo-13848642.jpeg?auto=compress&cs=tinysrgb&w=640
18272058	Adrien Olichon	https://www.pexels.com/photo/saint-nicolas-church-in-heremence-18272058/	Concrete church	photo	architecture	https://images.pexels.com/photos/18272058/pexels-photo-18272058.jpeg?auto=compress&cs=tinysrgb&w=640
17685268	Leonardo Dourado	https://www.pexels.com/photo/birds-eye-view-of-green-field-17685268/	Green circle from above	photo	aerial	https://images.pexels.com/photos/17685268/pexels-photo-17685268.jpeg?auto=compress&cs=tinysrgb&w=640
12571437	Altaf Shah	https://www.pexels.com/photo/black-and-white-landscape-with-fields-12571437/	Fields from above	photo	aerial	https://images.pexels.com/photos/12571437/pexels-photo-12571437.jpeg?auto=compress&cs=tinysrgb&w=640
36417032	@sofia	https://www.pexels.com/photo/close-up-of-fresh-peaches-on-a-soft-white-fabric-36417032/	Three peaches	photo	food	https://images.pexels.com/photos/36417032/pexels-photo-36417032.jpeg?auto=compress&cs=tinysrgb&w=640
9306017	Vlad Deep	https://www.pexels.com/photo/close-up-photograph-of-sliced-peaches-9306017/	Sliced peach and shadow	photo	food	https://images.pexels.com/photos/9306017/pexels-photo-9306017.jpeg?auto=compress&cs=tinysrgb&w=640
18082088	Karolina Biloshenko	https://www.pexels.com/photo/peaches-in-red-mesh-bag-18082088/	Peaches in a red net	photo	food	https://images.pexels.com/photos/18082088/pexels-photo-18082088.jpeg?auto=compress&cs=tinysrgb&w=640
27418961	@khadijah	https://www.pexels.com/photo/a-loaf-of-bread-on-a-cloth-on-a-table-27418961/	Loaf on linen	photo	food	https://images.pexels.com/photos/27418961/pexels-photo-27418961.jpeg?auto=compress&cs=tinysrgb&w=640
4641439	Nataliya Vaitkevich	https://www.pexels.com/photo/stainless-steel-coffeemaker-beside-white-ceramic-mug-4641439/	Moka pot and mug	photo	coffee	https://images.pexels.com/photos/4641439/pexels-photo-4641439.jpeg?auto=compress&cs=tinysrgb&w=640
25542632	Leticia Alvares	https://www.pexels.com/photo/coffee-pot-and-a-cup-on-a-window-sill-25542632/	Coffee on the sill	photo	coffee	https://images.pexels.com/photos/25542632/pexels-photo-25542632.jpeg?auto=compress&cs=tinysrgb&w=640
5996061	cottonbro studio	https://www.pexels.com/photo/gray-coffee-kettle-on-brown-soil-5996061/	Moka pot on moss	photo	coffee	https://images.pexels.com/photos/5996061/pexels-photo-5996061.jpeg?auto=compress&cs=tinysrgb&w=640
19212993	Natalia Sevruk	https://www.pexels.com/photo/glass-reflecting-in-table-19212993/	Flute and reflection	photo	drinks	https://images.pexels.com/photos/19212993/pexels-photo-19212993.jpeg?auto=compress&cs=tinysrgb&w=640
6387857	Jill Burrow	https://www.pexels.com/photo/glassware-with-water-and-fresh-kumquats-on-table-6387857/	Water and kumquats	photo	drinks	https://images.pexels.com/photos/6387857/pexels-photo-6387857.jpeg?auto=compress&cs=tinysrgb&w=640
34432953	@alexasfotos	https://www.pexels.com/photo/vintage-black-and-white-cowboy-boots-on-grass-34432953/	Boots in the grass	photo	western	https://images.pexels.com/photos/34432953/pexels-photo-34432953.jpeg?auto=compress&cs=tinysrgb&w=640
19750710	@robertkso	https://www.pexels.com/photo/cowboy-boots-on-a-porch-19750710/	Boots on the porch	photo	western	https://images.pexels.com/photos/19750710/pexels-photo-19750710.jpeg?auto=compress&cs=tinysrgb&w=640
12408408	@blue	https://www.pexels.com/photo/leather-cowboy-boots-12408408/	Worn boots	photo	western	https://images.pexels.com/photos/12408408/pexels-photo-12408408.jpeg?auto=compress&cs=tinysrgb&w=640
7480783	Ksenia Chernaya	https://www.pexels.com/photo/yellow-wooden-chair-beside-the-gray-wall-7480783/	Yellow chair, grey wall	photo	objects	https://images.pexels.com/photos/7480783/pexels-photo-7480783.jpeg?auto=compress&cs=tinysrgb&w=640
19965267	Caio Mantovani	https://www.pexels.com/photo/folding-chair-in-black-and-white-19965267/	Folding chair	photo	objects	https://images.pexels.com/photos/19965267/pexels-photo-19965267.jpeg?auto=compress&cs=tinysrgb&w=640
36123562	Leticia Alvares	https://www.pexels.com/photo/mid-century-modern-wooden-chair-in-sunlit-room-36123562/	Wooden chair in sun	photo	objects	https://images.pexels.com/photos/36123562/pexels-photo-36123562.jpeg?auto=compress&cs=tinysrgb&w=640
6414446	Dylan Shaw	https://www.pexels.com/photo/photo-of-the-commonwealth-star-sculpture-gold-coast-queensland-australia-6414446/	Red steel, blue sky	photo	sculpture	https://images.pexels.com/photos/6414446/pexels-photo-6414446.jpeg?auto=compress&cs=tinysrgb&w=640
33307302	@brent	https://www.pexels.com/photo/abstract-yellow-sculpture-on-sandy-beach-33307302/	Yellow form on the dune	photo	sculpture	https://images.pexels.com/photos/33307302/pexels-photo-33307302.jpeg?auto=compress&cs=tinysrgb&w=640
35268841	Peter Xie	https://www.pexels.com/photo/modern-architectural-sculpture-against-blue-sky-35268841/	Sphere on pillars	photo	sculpture	https://images.pexels.com/photos/35268841/pexels-photo-35268841.jpeg?auto=compress&cs=tinysrgb&w=640
