# Pixabay photos: id, uploader, photo page, title, medium, category, image url
1216704	chabotphoto	https://pixabay.com/photos/architecture-minimal-sky-minimalism-1216704/	Dark wall, pale sky	photo	architecture	https://cdn.pixabay.com/photo/2016/02/22/23/26/architecture-1216704_640.jpg
3659995	PPPSDavid	https://pixabay.com/photos/lines-symmetry-art-architecture-3659995/	White ribs, looking up	photo	architecture	https://cdn.pixabay.com/photo/2018/09/07/05/33/lines-3659995_640.jpg
6278181	BirkeWache	https://pixabay.com/photos/stairs-spiral-staircase-stairwell-6278181/	Spiral stairs from above	photo	architecture	https://cdn.pixabay.com/photo/2021/05/24/08/06/stairs-6278181_640.jpg
6528075	Dylanleagh	https://pixabay.com/photos/building-skyscraper-facade-modern-6528075/	Blue curves overhead	photo	architecture	https://cdn.pixabay.com/photo/2021/08/07/08/49/building-6528075_640.jpg
9246082	Lx_3n1gm4	https://pixabay.com/photos/modern-architecture-facade-9246082/	Curved balconies	photo	black and white	https://cdn.pixabay.com/photo/2024/12/05/08/06/modern-9246082_640.jpg
7550171	aurikami	https://pixabay.com/photos/street-stairs-wall-architecture-7550171/	Lone figure on the stairs	photo	black and white	https://cdn.pixabay.com/photo/2022/10/27/06/36/street-7550171_640.jpg
373782	Diggeo	https://pixabay.com/photos/sea-of-fog-fog-ocean-sea-pier-373782/	Posts in the fog	photo	black and white	https://cdn.pixabay.com/photo/2014/06/21/14/26/sea-of-fog-373782_640.jpg
7739093	aurikami	https://pixabay.com/photos/minimalism-minimal-bowl-top-view-7739093/	Dark bowl on wood	photo	black and white	https://cdn.pixabay.com/photo/2023/01/23/16/17/minimalism-7739093_640.jpg
4105894	ulukasczyk	https://pixabay.com/photos/minimalism-orange-triangles-minimal-4105894/	Tangerine on two tones	photo	graphic	https://cdn.pixabay.com/photo/2019/04/05/19/44/minimalism-4105894_640.jpg
7547668	Pix-Off	https://pixabay.com/photos/contrast-abstract-minimalism-7547668/	Two tone corner	photo	graphic	https://cdn.pixabay.com/photo/2022/10/26/07/44/contrast-7547668_640.jpg
2445110	web3525	https://pixabay.com/photos/palm-leaves-silhouette-fog-smoke-2445110/	Palm frond on red	photo	graphic	https://cdn.pixabay.com/photo/2017/06/26/20/37/palm-2445110_640.jpg
7921905	wal_172619	https://pixabay.com/photos/plants-wall-concrete-stone-shadow-7921905/	Plant shadow on concrete	photo	shadows	https://cdn.pixabay.com/photo/2023/04/13/07/23/plants-7921905_640.jpg
509241	AinoTuominen	https://pixabay.com/photos/dune-sand-desert-contrast-ridge-509241/	Dune ridge at dusk	photo	desert	https://cdn.pixabay.com/photo/2014/10/30/11/59/dune-509241_640.jpg
6938315	mokhaladmusavi	https://pixabay.com/photos/desert-sand-dunes-dunes-minimalism-6938315/	Soft grey dunes	photo	desert	https://cdn.pixabay.com/photo/2022/01/14/23/13/desert-6938315_640.jpg
7529634	Pix-Off	https://pixabay.com/photos/desert-acacia-bush-grass-shrubs-7529634/	Lone tree in haze	photo	desert	https://cdn.pixabay.com/photo/2022/10/18/08/42/desert-7529634_640.jpg
4820684	jpdvg	https://pixabay.com/photos/desert-sand-dune-pattern-dry-4820684/	Dunes from above	photo	desert	https://cdn.pixabay.com/photo/2020/02/05/09/57/desert-4820684_640.jpg
7486268	r-q	https://pixabay.com/photos/sea-mountain-ocean-scenery-7486268/	Ship on a hazy sea	photo	coast	https://cdn.pixabay.com/photo/2022/09/29/01/13/sea-7486268_640.jpg
2565573	jplenio	https://pixabay.com/photos/sea-fishing-tranquil-calm-ocean-2565573/	Fisherman in the fog	photo	coast	https://cdn.pixabay.com/photo/2017/08/01/13/47/sea-2565573_640.jpg
10101586	DJB_Images	https://pixabay.com/photos/black-and-white-seascape-10101586/	Rocks and silver sea	photo	coast	https://cdn.pixabay.com/photo/2026/02/02/20/52/black-and-white-10101586_640.jpg
7358971	sashamatic	https://pixabay.com/photos/boat-fishing-boat-sea-minimalism-7358971/	Small boat, dark sea	photo	water	https://cdn.pixabay.com/photo/2022/08/01/20/45/boat-7358971_640.jpg
10394760	ArtLis	https://pixabay.com/photos/water-sea-paddle-black-and-white-10394760/	Kayak on dark water	photo	water	https://cdn.pixabay.com/photo/2026/07/25/13/41/13-41-27-163_640.jpg
4736282	thabisfotowelt	https://pixabay.com/photos/water-swimming-pool-pool-blue-swim-4736282/	Rippling blue	photo	water	https://cdn.pixabay.com/photo/2020/01/02/16/39/water-4736282_640.jpg
5134400	MannyDream	https://pixabay.com/photos/beach-aerial-photography-ocean-art-5134400/	Beach day from above	photo	aerial	https://cdn.pixabay.com/photo/2020/05/05/18/27/beach-5134400_640.jpg
7629517	Udayjot	https://pixabay.com/photos/sea-ocean-beach-aerial-view-summer-7629517/	Wave from above	photo	aerial	https://cdn.pixabay.com/photo/2022/12/01/17/52/sea-7629517_640.jpg
4821377	derdrohnenfotograf	https://pixabay.com/photos/beach-drone-image-aerial-view-drone-4821377/	Shoreline from above	photo	aerial	https://cdn.pixabay.com/photo/2020/02/05/14/42/beach-4821377_640.jpg
4145659	kirildobrev	https://pixabay.com/photos/blue-beach-surf-travel-surfer-4145659/	Lone surfer	photo	surf	https://cdn.pixabay.com/photo/2019/04/22/04/32/blue-4145659_640.jpg
4638912	Dimhou	https://pixabay.com/photos/swimming-pool-pool-tiles-blue-4638912/	Blue pool tiles	photo	pool	https://cdn.pixabay.com/photo/2019/11/20/01/06/swimming-pool-4638912_640.jpg
3404225	lbokel	https://pixabay.com/photos/palm-trees-blue-sky-palm-tree-3404225/	Palms against blue	photo	palm springs	https://cdn.pixabay.com/photo/2018/05/15/20/33/palm-trees-3404225_640.jpg
7641522	javiercalvoparapar	https://pixabay.com/photos/palm-royal-weather-mist-fog-foggy-7641522/	Palms in the fog	photo	palm springs	https://cdn.pixabay.com/photo/2022/12/07/16/07/palm-7641522_640.jpg
7899209	KHphotography	https://pixabay.com/photos/horse-winter-snow-running-animal-7899209/	White horse in snow	photo	horses	https://cdn.pixabay.com/photo/2023/04/04/12/04/horse-7899209_640.jpg
7290977	Miller_Eszter	https://pixabay.com/photos/italy-dolomite-horse-forest-nature-7290977/	Horse below the larches	photo	horses	https://cdn.pixabay.com/photo/2022/06/29/05/12/italy-7290977_640.jpg
8206537	RonaldPlett	https://pixabay.com/photos/cowboy-person-farmer-farm-8206537/	Cowboy by the fence	photo	western	https://cdn.pixabay.com/photo/2023/08/22/14/44/cowboy-8206537_640.jpg
4564745	royharryman	https://pixabay.com/photos/cowboy-ranch-boot-boot-hill-4564745/	Boot on a fence post	photo	western	https://cdn.pixabay.com/photo/2019/10/20/21/53/cowboy-4564745_640.jpg
7392840	jatocreate	https://pixabay.com/photos/labrador-kayak-black-labrador-7392840/	Black dog on a kayak	photo	dogs	https://cdn.pixabay.com/photo/2022/08/17/15/46/labrador-7392840_640.jpg
6563435	Skica911	https://pixabay.com/photos/greyhound-dog-puppy-6563435/	Greyhound portrait	photo	dogs	https://cdn.pixabay.com/photo/2021/08/21/19/39/greyhound-6563435_640.jpg
5037800	JessicaKwok	https://pixabay.com/photos/coffee-cafe-drink-cup-beverage-5037800/	Latte at the bar	photo	coffee	https://cdn.pixabay.com/photo/2020/04/13/10/48/coffee-5037800_640.jpg
6546093	Monfocus	https://pixabay.com/photos/flowers-vase-vegetation-minimal-6546093/	Wildflowers in glass	photo	flowers	https://cdn.pixabay.com/photo/2021/08/14/19/41/flowers-6546093_640.jpg
7866187	DerWeg	https://pixabay.com/photos/flower-petals-blossom-bloom-white-7866187/	White blossoms on black	photo	flowers	https://cdn.pixabay.com/photo/2023/03/21/01/31/flower-7866187_640.jpg
2569334	karishea	https://pixabay.com/photos/tulip-flower-flower-vase-vase-2569334/	Tulips by the window	photo	flowers	https://cdn.pixabay.com/photo/2017/08/02/01/02/tulip-2569334_640.jpg
5065019	martinhogarth	https://pixabay.com/photos/small-blue-jar-still-life-5065019/	Glass vase on black	photo	objects	https://cdn.pixabay.com/photo/2020/04/19/18/53/small-5065019_640.jpg
4702174	jplenio	https://pixabay.com/photos/night-moon-mountains-alps-4702174/	Moon over the mountains	photo	moon	https://cdn.pixabay.com/photo/2019/12/17/17/58/night-4702174_640.jpg
7701253	Mr-Bozen	https://pixabay.com/photos/city-structure-moon-geometry-7701253/	Moon and copper facade	photo	moon	https://cdn.pixabay.com/photo/2023/01/06/13/33/city-7701253_640.jpg
3713430	fill	https://pixabay.com/photos/moon-moon-set-crescent-moon-3713430/	Crescent over the hills	photo	moon	https://cdn.pixabay.com/photo/2018/09/30/13/09/moon-3713430_640.jpg
7105626	sharkolot	https://pixabay.com/photos/moon-clouds-first-quarter-poster-7105626/	Moon in blue clouds	photo	moon	https://cdn.pixabay.com/photo/2022/04/01/20/37/moon-7105626_640.jpg
5152068	Joannecsj	https://pixabay.com/photos/sailboat-lone-sailboat-serenity-5152068/	One white sail	photo	sailing	https://cdn.pixabay.com/photo/2020/05/10/02/50/sailboat-5152068_640.jpg
4716304	Felix1999	https://pixabay.com/photos/tennis-court-clay-court-lines-4716304/	Clay court line	photo	tennis	https://cdn.pixabay.com/photo/2019/12/24/09/06/tennis-court-4716304_640.jpg
6576666	wal_172619	https://pixabay.com/photos/cadillac-vintage-pink-car-car-6576666/	Pink door, chrome trim	photo	cars	https://cdn.pixabay.com/photo/2021/08/26/17/08/cadillac-6576666_640.jpg
